{"cameraMode":{"drawMode":0,"name":"Shaded","section":"Shading Mode"},"sceneLighting":false,"audioPlay":false,"sceneViewState":{"showFog":true,"showMaterialUpdate":false,"showSkybox":false,"showFlares":true,"showImageEffects":true,"showParticleSystems":true},"in2DMode":false,"pivot":{"x":2.309999942779541,"y":-1.1399999856948853,"z":0.0},"rotation":{"x":-0.17933109402656556,"y":0.00680470559746027,"z":-0.0012232915032655,"w":-0.9837777018547058},"size":2.1299235820770265,"orthographic":false}