{"cameraMode":{"drawMode":0,"name":"Shaded","section":"Shading Mode"},"sceneLighting":false,"audioPlay":false,"sceneViewState":{"showFog":true,"showMaterialUpdate":false,"showSkybox":false,"showFlares":true,"showImageEffects":true,"showParticleSystems":true},"in2DMode":false,"pivot":{"x":-1.6604211330413819,"y":7.7240495681762699,"z":14.479527473449707},"rotation":{"x":-0.15843237936496736,"y":-0.050918098539114,"z":0.008122782222926617,"w":-0.9860544204711914},"size":15.623979568481446,"orthographic":false}