{"cameraMode":{"drawMode":0,"name":"Shaded","section":"Shading Mode"},"sceneLighting":false,"audioPlay":false,"sceneViewState":{"showFog":true,"showMaterialUpdate":false,"showSkybox":false,"showFlares":true,"showImageEffects":true,"showParticleSystems":true},"in2DMode":false,"pivot":{"x":-4.0905327796936039,"y":0.1721811294555664,"z":6.845541954040527},"rotation":{"x":-0.021283185109496118,"y":-0.05155181884765625,"z":0.0010221845004707575,"w":-0.9984741806983948},"size":10.51480484008789,"orthographic":false}