{"cameraMode":{"drawMode":0,"name":"Shaded","section":"Shading Mode"},"sceneLighting":false,"audioPlay":false,"sceneViewState":{"showFog":true,"showMaterialUpdate":false,"showSkybox":false,"showFlares":true,"showImageEffects":true,"showParticleSystems":true},"in2DMode":false,"pivot":{"x":0.07847871631383896,"y":-0.4092392921447754,"z":0.6338605284690857},"rotation":{"x":-0.1597784459590912,"y":-0.06419990956783295,"z":0.010426507331430912,"w":-0.9850216507911682},"size":3.3195347785949709,"orthographic":false}